Model,Accuracy,Precision,Recall,F1,AUC,Training_Time(s)
Decision Tree Classifier,0.9564846416382252,0.9574733989218053,0.9564846416382253,0.9566494889563522,,23.441839933395386
