Model,Accuracy,Precision,Recall,F1,AUC,Training_Time(s)
Random Forest Classifier,0.9488054607508533,0.9520084209533655,0.9488054607508531,0.948477153120701,0.9905246849156395,63.62451982498169
